{"lr-AdamW": 8.868806270685455e-06, "trainer/global_step": 899, "_timestamp": 1753859276.364948, "_runtime": 603.1612610816956, "_step": 35, "train_loss": 0.010461539961397648, "train_acc": 0.96875, "epoch": 0}